id,type,properties-name,properties-bounds-0,properties-bounds-1,properties-bounds-2,properties-bounds-3,features-id,features-geometry-type,features-geometry-coordinates-0,features-geometry-coordinates-1,features-type,features-properties-id,features-properties-disbursementAmount,features-properties-title,features-properties-closingDate,features-properties-info,features-properties-commitmentAmount,features-properties-approvalDate,features-properties-locationName,features-properties-status,features-properties-sectors-0,features-properties-sectors-1
TL,FeatureCollection,Timor-Leste,124.03003991000011,-9.501227721999896,127.31324303500011,-8.135023695999834,8148,Point,125.66667,-8.55,Feature,38189-022,5707566.2700000005,DILI URBAN WATER SUPPLY SECTOR PROJECT,2015-09-30,"The Project will (i) check, and refurbish, replace and install (as required) up to 35 primary and secondary distribution master meters; (ii)  check and replace, as necessary, up to 51 kilometers of…",6000000.0,2008-03-05,Dili,Implementation,Water supply and other urban infrastructure and services,
TL,FeatureCollection,Timor-Leste,124.03003991000011,-9.501227721999896,127.31324303500011,-8.135023695999834,8149,Point,125.57361,-8.55861,Feature,38189-022,5707566.2700000005,DILI URBAN WATER SUPPLY SECTOR PROJECT,2015-09-30,"The Project will (i) check, and refurbish, replace and install (as required) up to 35 primary and secondary distribution master meters; (ii)  check and replace, as necessary, up to 51 kilometers of…",6000000.0,2008-03-05,Dili,Implementation,Water supply and other urban infrastructure and services,
TL,FeatureCollection,Timor-Leste,124.03003991000011,-9.501227721999896,127.31324303500011,-8.135023695999834,8150,Point,125.53472,-8.53833,Feature,38189-022,5707566.2700000005,DILI URBAN WATER SUPPLY SECTOR PROJECT,2015-09-30,"The Project will (i) check, and refurbish, replace and install (as required) up to 35 primary and secondary distribution master meters; (ii)  check and replace, as necessary, up to 51 kilometers of…",6000000.0,2008-03-05,Comoro,Implementation,Water supply and other urban infrastructure and services,
TL,FeatureCollection,Timor-Leste,124.03003991000011,-9.501227721999896,127.31324303500011,-8.135023695999834,8151,Point,125.75,-8.83333,Feature,38189-022,5707566.2700000005,DILI URBAN WATER SUPPLY SECTOR PROJECT,2015-09-30,"The Project will (i) check, and refurbish, replace and install (as required) up to 35 primary and secondary distribution master meters; (ii)  check and replace, as necessary, up to 51 kilometers of…",6000000.0,2008-03-05,East Timor,Implementation,Water supply and other urban infrastructure and services,
TL,FeatureCollection,Timor-Leste,124.03003991000011,-9.501227721999896,127.31324303500011,-8.135023695999834,8152,Point,125.52472,-8.54667,Feature,38189-022,5707566.2700000005,DILI URBAN WATER SUPPLY SECTOR PROJECT,2015-09-30,"The Project will (i) check, and refurbish, replace and install (as required) up to 35 primary and secondary distribution master meters; (ii)  check and replace, as necessary, up to 51 kilometers of…",6000000.0,2008-03-05,Dom Aleixo,Implementation,Water supply and other urban infrastructure and services,
TL,FeatureCollection,Timor-Leste,124.03003991000011,-9.501227721999896,127.31324303500011,-8.135023695999834,8153,Point,125.51667,-8.55,Feature,38189-022,5707566.2700000005,DILI URBAN WATER SUPPLY SECTOR PROJECT,2015-09-30,"The Project will (i) check, and refurbish, replace and install (as required) up to 35 primary and secondary distribution master meters; (ii)  check and replace, as necessary, up to 51 kilometers of…",6000000.0,2008-03-05,Comoro,Implementation,Water supply and other urban infrastructure and services,
TL,FeatureCollection,Timor-Leste,124.03003991000011,-9.501227721999896,127.31324303500011,-8.135023695999834,8154,Point,125.11278,-9.34001,Feature,43322-012,37073021.93,ROAD NETWORK DEVELOPMENT SECTOR PROJECT,2016-05-31,The Project is sector-based in design. It will finance part of the mediumterm road network development program,46000000.0,2010-02-26,Tilomar,Implementation,Transport,
TL,FeatureCollection,Timor-Leste,124.03003991000011,-9.501227721999896,127.31324303500011,-8.135023695999834,8155,Point,125.25648,-9.31286,Feature,43322-012,37073021.93,ROAD NETWORK DEVELOPMENT SECTOR PROJECT,2016-05-31,The Project is sector-based in design. It will finance part of the mediumterm road network development program,46000000.0,2010-02-26,Suai,Implementation,Transport,
TL,FeatureCollection,Timor-Leste,124.03003991000011,-9.501227721999896,127.31324303500011,-8.135023695999834,8156,Point,124.35,-9.36667,Feature,43322-012,37073021.93,ROAD NETWORK DEVELOPMENT SECTOR PROJECT,2016-05-31,The Project is sector-based in design. It will finance part of the mediumterm road network development program,46000000.0,2010-02-26,Oesilo,Implementation,Transport,
TL,FeatureCollection,Timor-Leste,124.03003991000011,-9.501227721999896,127.31324303500011,-8.135023695999834,8157,Point,124.95444,-8.95694,Feature,43322-012,37073021.93,ROAD NETWORK DEVELOPMENT SECTOR PROJECT,2016-05-31,The Project is sector-based in design. It will finance part of the mediumterm road network development program,46000000.0,2010-02-26,Motaain,Implementation,Transport,
TL,FeatureCollection,Timor-Leste,124.03003991000011,-9.501227721999896,127.31324303500011,-8.135023695999834,8158,Point,125.20611,-8.61194,Feature,43322-012,37073021.93,ROAD NETWORK DEVELOPMENT SECTOR PROJECT,2016-05-31,The Project is sector-based in design. It will finance part of the mediumterm road network development program,46000000.0,2010-02-26,Maubara,Implementation,Transport,
TL,FeatureCollection,Timor-Leste,124.03003991000011,-9.501227721999896,127.31324303500011,-8.135023695999834,8159,Point,125.21972,-8.99167,Feature,43322-012,37073021.93,ROAD NETWORK DEVELOPMENT SECTOR PROJECT,2016-05-31,The Project is sector-based in design. It will finance part of the mediumterm road network development program,46000000.0,2010-02-26,Maliana,Implementation,Transport,
TL,FeatureCollection,Timor-Leste,124.03003991000011,-9.501227721999896,127.31324303500011,-8.135023695999834,8160,Point,125.34194,-8.5875,Feature,43322-012,37073021.93,ROAD NETWORK DEVELOPMENT SECTOR PROJECT,2016-05-31,The Project is sector-based in design. It will finance part of the mediumterm road network development program,46000000.0,2010-02-26,Liquica,Implementation,Transport,
TL,FeatureCollection,Timor-Leste,124.03003991000011,-9.501227721999896,127.31324303500011,-8.135023695999834,8161,Point,125.25,-9.26667,Feature,43322-012,37073021.93,ROAD NETWORK DEVELOPMENT SECTOR PROJECT,2016-05-31,The Project is sector-based in design. It will finance part of the mediumterm road network development program,46000000.0,2010-02-26,Cova Lima District,Implementation,Transport,
TL,FeatureCollection,Timor-Leste,124.03003991000011,-9.501227721999896,127.31324303500011,-8.135023695999834,8162,Point,125.38778,-8.83028,Feature,43322-012,37073021.93,ROAD NETWORK DEVELOPMENT SECTOR PROJECT,2016-05-31,The Project is sector-based in design. It will finance part of the mediumterm road network development program,46000000.0,2010-02-26,Ermera,Implementation,Transport,
TL,FeatureCollection,Timor-Leste,124.03003991000011,-9.501227721999896,127.31324303500011,-8.135023695999834,8163,Point,125.21667,-8.95,Feature,43322-012,37073021.93,ROAD NETWORK DEVELOPMENT SECTOR PROJECT,2016-05-31,The Project is sector-based in design. It will finance part of the mediumterm road network development program,46000000.0,2010-02-26,Bobonaro,Implementation,Transport,
TL,FeatureCollection,Timor-Leste,124.03003991000011,-9.501227721999896,127.31324303500011,-8.135023695999834,8164,Point,124.9725,-8.94722,Feature,43322-012,37073021.93,ROAD NETWORK DEVELOPMENT SECTOR PROJECT,2016-05-31,The Project is sector-based in design. It will finance part of the mediumterm road network development program,46000000.0,2010-02-26,Batugade,Implementation,Transport,
TL,FeatureCollection,Timor-Leste,124.03003991000011,-9.501227721999896,127.31324303500011,-8.135023695999834,8165,Point,125.39806,-8.925,Feature,43322-012,37073021.93,ROAD NETWORK DEVELOPMENT SECTOR PROJECT,2016-05-31,The Project is sector-based in design. It will finance part of the mediumterm road network development program,46000000.0,2010-02-26,Atsabe,Implementation,Transport,
TL,FeatureCollection,Timor-Leste,124.03003991000011,-9.501227721999896,127.31324303500011,-8.135023695999834,8166,Point,124.29306,-9.31361,Feature,43322-012,37073021.93,ROAD NETWORK DEVELOPMENT SECTOR PROJECT,2016-05-31,The Project is sector-based in design. It will finance part of the mediumterm road network development program,46000000.0,2010-02-26,Oecusse,Implementation,Transport,
TL,FeatureCollection,Timor-Leste,124.03003991000011,-9.501227721999896,127.31324303500011,-8.135023695999834,8167,Point,124.35687,-9.20366,Feature,43322-012,37073021.93,ROAD NETWORK DEVELOPMENT SECTOR PROJECT,2016-05-31,The Project is sector-based in design. It will finance part of the mediumterm road network development program,46000000.0,2010-02-26,Oe-Cussi,Implementation,Transport,
TL,FeatureCollection,Timor-Leste,124.03003991000011,-9.501227721999896,127.31324303500011,-8.135023695999834,8168,Point,125.13194,-9.19083,Feature,43322-012,37073021.93,ROAD NETWORK DEVELOPMENT SECTOR PROJECT,2016-05-31,The Project is sector-based in design. It will finance part of the mediumterm road network development program,46000000.0,2010-02-26,Fatululik,Implementation,Transport,
TL,FeatureCollection,Timor-Leste,124.03003991000011,-9.501227721999896,127.31324303500011,-8.135023695999834,8169,Point,124.45889,-9.17278,Feature,43322-012,37073021.93,ROAD NETWORK DEVELOPMENT SECTOR PROJECT,2016-05-31,The Project is sector-based in design. It will finance part of the mediumterm road network development program,46000000.0,2010-02-26,Sakato,Implementation,Transport,
TL,FeatureCollection,Timor-Leste,124.03003991000011,-9.501227721999896,127.31324303500011,-8.135023695999834,8170,Point,125.29528,-9.03056,Feature,43322-012,37073021.93,ROAD NETWORK DEVELOPMENT SECTOR PROJECT,2016-05-31,The Project is sector-based in design. It will finance part of the mediumterm road network development program,46000000.0,2010-02-26,Oeleu,Implementation,Transport,
TL,FeatureCollection,Timor-Leste,124.03003991000011,-9.501227721999896,127.31324303500011,-8.135023695999834,8171,Point,125.355,-9.01583,Feature,43322-012,37073021.93,ROAD NETWORK DEVELOPMENT SECTOR PROJECT,2016-05-31,The Project is sector-based in design. It will finance part of the mediumterm road network development program,46000000.0,2010-02-26,Lourba,Implementation,Transport,
TL,FeatureCollection,Timor-Leste,124.03003991000011,-9.501227721999896,127.31324303500011,-8.135023695999834,8172,Point,125.45056,-9.1575,Feature,43322-012,37073021.93,ROAD NETWORK DEVELOPMENT SECTOR PROJECT,2016-05-31,The Project is sector-based in design. It will finance part of the mediumterm road network development program,46000000.0,2010-02-26,Zumalai,Implementation,Transport,
TL,FeatureCollection,Timor-Leste,124.03003991000011,-9.501227721999896,127.31324303500011,-8.135023695999834,8173,Point,125.75,-8.83333,Feature,43322-012,37073021.93,ROAD NETWORK DEVELOPMENT SECTOR PROJECT,2016-05-31,The Project is sector-based in design. It will finance part of the mediumterm road network development program,46000000.0,2010-02-26,East Timor,Implementation,Transport,
TL,FeatureCollection,Timor-Leste,124.03003991000011,-9.501227721999896,127.31324303500011,-8.135023695999834,8174,Point,125.21667,-8.98333,Feature,43322-012,37073021.93,ROAD NETWORK DEVELOPMENT SECTOR PROJECT,2016-05-31,The Project is sector-based in design. It will finance part of the mediumterm road network development program,46000000.0,2010-02-26,Maliana,Implementation,Transport,
TL,FeatureCollection,Timor-Leste,124.03003991000011,-9.501227721999896,127.31324303500011,-8.135023695999834,8175,Point,125.1585,-8.80954,Feature,43322-012,37073021.93,ROAD NETWORK DEVELOPMENT SECTOR PROJECT,2016-05-31,The Project is sector-based in design. It will finance part of the mediumterm road network development program,46000000.0,2010-02-26,Atabae,Implementation,Transport,
TL,FeatureCollection,Timor-Leste,124.03003991000011,-9.501227721999896,127.31324303500011,-8.135023695999834,8176,Point,125.043,-8.97145,Feature,43322-012,37073021.93,ROAD NETWORK DEVELOPMENT SECTOR PROJECT,2016-05-31,The Project is sector-based in design. It will finance part of the mediumterm road network development program,46000000.0,2010-02-26,Balibo,Implementation,Transport,
TL,FeatureCollection,Timor-Leste,124.03003991000011,-9.501227721999896,127.31324303500011,-8.135023695999834,8177,Point,125.325,-9.03194,Feature,43322-012,37073021.93,ROAD NETWORK DEVELOPMENT SECTOR PROJECT,2016-05-31,The Project is sector-based in design. It will finance part of the mediumterm road network development program,46000000.0,2010-02-26,Bobonaro,Implementation,Transport,
TL,FeatureCollection,Timor-Leste,124.03003991000011,-9.501227721999896,127.31324303500011,-8.135023695999834,8178,Point,125.45056,-9.1575,Feature,43322-012,37073021.93,ROAD NETWORK DEVELOPMENT SECTOR PROJECT,2016-05-31,The Project is sector-based in design. It will finance part of the mediumterm road network development program,46000000.0,2010-02-26,Zumalai,Implementation,Transport,
TL,FeatureCollection,Timor-Leste,124.03003991000011,-9.501227721999896,127.31324303500011,-8.135023695999834,8179,Point,125.35,-8.58333,Feature,43322-012,37073021.93,ROAD NETWORK DEVELOPMENT SECTOR PROJECT,2016-05-31,The Project is sector-based in design. It will finance part of the mediumterm road network development program,46000000.0,2010-02-26,Liquica,Implementation,Transport,
TL,FeatureCollection,Timor-Leste,124.03003991000011,-9.501227721999896,127.31324303500011,-8.135023695999834,8180,Point,125.2,-8.61667,Feature,43322-012,37073021.93,ROAD NETWORK DEVELOPMENT SECTOR PROJECT,2016-05-31,The Project is sector-based in design. It will finance part of the mediumterm road network development program,46000000.0,2010-02-26,Maubara,Implementation,Transport,
TL,FeatureCollection,Timor-Leste,124.03003991000011,-9.501227721999896,127.31324303500011,-8.135023695999834,8181,Point,125.3968,-8.93058,Feature,43322-012,37073021.93,ROAD NETWORK DEVELOPMENT SECTOR PROJECT,2016-05-31,The Project is sector-based in design. It will finance part of the mediumterm road network development program,46000000.0,2010-02-26,Atsabe,Implementation,Transport,
TL,FeatureCollection,Timor-Leste,124.03003991000011,-9.501227721999896,127.31324303500011,-8.135023695999834,8182,Point,125.25,-9.3,Feature,43322-012,37073021.93,ROAD NETWORK DEVELOPMENT SECTOR PROJECT,2016-05-31,The Project is sector-based in design. It will finance part of the mediumterm road network development program,46000000.0,2010-02-26,Suai,Implementation,Transport,
TL,FeatureCollection,Timor-Leste,124.03003991000011,-9.501227721999896,127.31324303500011,-8.135023695999834,8183,Point,125.10887,-9.34182,Feature,43322-012,37073021.93,ROAD NETWORK DEVELOPMENT SECTOR PROJECT,2016-05-31,The Project is sector-based in design. It will finance part of the mediumterm road network development program,46000000.0,2010-02-26,Tilomar,Implementation,Transport,
TL,FeatureCollection,Timor-Leste,124.03003991000011,-9.501227721999896,127.31324303500011,-8.135023695999834,8184,Point,125.38333,-8.83333,Feature,43322-012,37073021.93,ROAD NETWORK DEVELOPMENT SECTOR PROJECT,2016-05-31,The Project is sector-based in design. It will finance part of the mediumterm road network development program,46000000.0,2010-02-26,Ermera,Implementation,Transport,
TL,FeatureCollection,Timor-Leste,124.03003991000011,-9.501227721999896,127.31324303500011,-8.135023695999834,8185,Point,125.17058,-9.39236,Feature,43322-012,37073021.93,ROAD NETWORK DEVELOPMENT SECTOR PROJECT,2016-05-31,The Project is sector-based in design. It will finance part of the mediumterm road network development program,46000000.0,2010-02-26,Salele,Implementation,Transport,
TL,FeatureCollection,Timor-Leste,124.03003991000011,-9.501227721999896,127.31324303500011,-8.135023695999834,8186,Point,124.38333,-9.2,Feature,44130-022,2482371.73,DISTRICT CAPITALS WATER SUPPLY PROJECT,2017-06-30,"The Timor-Leste: Oecussi and Ermera Water Rehabilitation Project will help Ermera, Oecussi, and another district manage their water resources better",11000000.0,2011-10-28,Pante Makasar,Implementation,Water supply and other urban infrastructure and services,
TL,FeatureCollection,Timor-Leste,124.03003991000011,-9.501227721999896,127.31324303500011,-8.135023695999834,8187,Point,126.01306,-8.51139,Feature,44130-022,2482371.73,DISTRICT CAPITALS WATER SUPPLY PROJECT,2017-06-30,"The Timor-Leste: Oecussi and Ermera Water Rehabilitation Project will help Ermera, Oecussi, and another district manage their water resources better",11000000.0,2011-10-28,Manatuto,Implementation,Water supply and other urban infrastructure and services,
TL,FeatureCollection,Timor-Leste,124.03003991000011,-9.501227721999896,127.31324303500011,-8.135023695999834,8188,Point,125.44833,-8.77472,Feature,44130-022,2482371.73,DISTRICT CAPITALS WATER SUPPLY PROJECT,2017-06-30,"The Timor-Leste: Oecussi and Ermera Water Rehabilitation Project will help Ermera, Oecussi, and another district manage their water resources better",11000000.0,2011-10-28,Debo Lehumo,Implementation,Water supply and other urban infrastructure and services,
TL,FeatureCollection,Timor-Leste,124.03003991000011,-9.501227721999896,127.31324303500011,-8.135023695999834,8189,Point,125.48972,-8.56944,Feature,45139-001,4779397.13,MID-LEVEL SKILLS TRAINING PROJECT,2017-06-30,The proposed project will assist the Government of Timor-Leste in introducing and implementing mid-level skills training in construction and automotive trades by strengthening selected public and…,12000000.0,2012-01-27,Tibar,Implementation,Education,
TL,FeatureCollection,Timor-Leste,124.03003991000011,-9.501227721999896,127.31324303500011,-8.135023695999834,8190,Point,126.45833,-8.47111,Feature,45139-001,4779397.13,MID-LEVEL SKILLS TRAINING PROJECT,2017-06-30,The proposed project will assist the Government of Timor-Leste in introducing and implementing mid-level skills training in construction and automotive trades by strengthening selected public and…,12000000.0,2012-01-27,Baucau,Implementation,Education,
TL,FeatureCollection,Timor-Leste,124.03003991000011,-9.501227721999896,127.31324303500011,-8.135023695999834,8191,Point,125.75,-8.83333,Feature,45139-001,4779397.13,MID-LEVEL SKILLS TRAINING PROJECT,2017-06-30,The proposed project will assist the Government of Timor-Leste in introducing and implementing mid-level skills training in construction and automotive trades by strengthening selected public and…,12000000.0,2012-01-27,East Timor,Implementation,Education,
TL,FeatureCollection,Timor-Leste,124.03003991000011,-9.501227721999896,127.31324303500011,-8.135023695999834,8192,Point,125.51667,-8.55,Feature,45139-001,4779397.13,MID-LEVEL SKILLS TRAINING PROJECT,2017-06-30,The proposed project will assist the Government of Timor-Leste in introducing and implementing mid-level skills training in construction and automotive trades by strengthening selected public and…,12000000.0,2012-01-27,Comoro,Implementation,Education,
TL,FeatureCollection,Timor-Leste,124.03003991000011,-9.501227721999896,127.31324303500011,-8.135023695999834,8193,Point,126.01516,-8.52207,Feature,45094-001,12674338.709999999,ROAD NETWORK UPGRADING PROJECT,2017-06-30,"The proposed project will (i) reconstruct or upgrade and climate proof about 59 kilometers (km) of principal national roads, (ii) expand the road maintenance program of the Ministry of Infrastructure…",30850000.0,2012-05-02,Manatuto,Implementation,Transport,
TL,FeatureCollection,Timor-Leste,124.03003991000011,-9.501227721999896,127.31324303500011,-8.135023695999834,8194,Point,125.91186,-8.74975,Feature,45094-001,12674338.709999999,ROAD NETWORK UPGRADING PROJECT,2017-06-30,"The proposed project will (i) reconstruct or upgrade and climate proof about 59 kilometers (km) of principal national roads, (ii) expand the road maintenance program of the Ministry of Infrastructure…",30850000.0,2012-05-02,Laclubar,Implementation,Transport,
TL,FeatureCollection,Timor-Leste,124.03003991000011,-9.501227721999896,127.31324303500011,-8.135023695999834,8195,Point,125.7868,-9.0273,Feature,45094-001,12674338.709999999,ROAD NETWORK UPGRADING PROJECT,2017-06-30,"The proposed project will (i) reconstruct or upgrade and climate proof about 59 kilometers (km) of principal national roads, (ii) expand the road maintenance program of the Ministry of Infrastructure…",30850000.0,2012-05-02,Alas,Implementation,Transport,
TL,FeatureCollection,Timor-Leste,124.03003991000011,-9.501227721999896,127.31324303500011,-8.135023695999834,8196,Point,125.94,-8.86,Feature,45094-001,12674338.709999999,ROAD NETWORK UPGRADING PROJECT,2017-06-30,"The proposed project will (i) reconstruct or upgrade and climate proof about 59 kilometers (km) of principal national roads, (ii) expand the road maintenance program of the Ministry of Infrastructure…",30850000.0,2012-05-02,Soibada,Implementation,Transport,
TL,FeatureCollection,Timor-Leste,124.03003991000011,-9.501227721999896,127.31324303500011,-8.135023695999834,8197,Point,125.95036,-9.10011,Feature,45094-001,12674338.709999999,ROAD NETWORK UPGRADING PROJECT,2017-06-30,"The proposed project will (i) reconstruct or upgrade and climate proof about 59 kilometers (km) of principal national roads, (ii) expand the road maintenance program of the Ministry of Infrastructure…",30850000.0,2012-05-02,Natarbora,Implementation,Transport,
TL,FeatureCollection,Timor-Leste,124.03003991000011,-9.501227721999896,127.31324303500011,-8.135023695999834,8198,Point,125.48972,-8.56944,Feature,45094-001,12674338.709999999,ROAD NETWORK UPGRADING PROJECT,2017-06-30,"The proposed project will (i) reconstruct or upgrade and climate proof about 59 kilometers (km) of principal national roads, (ii) expand the road maintenance program of the Ministry of Infrastructure…",30850000.0,2012-05-02,Tibar,Implementation,Transport,
TL,FeatureCollection,Timor-Leste,124.03003991000011,-9.501227721999896,127.31324303500011,-8.135023695999834,8199,Point,126.01306,-8.51139,Feature,45094-001,12674338.709999999,ROAD NETWORK UPGRADING PROJECT,2017-06-30,"The proposed project will (i) reconstruct or upgrade and climate proof about 59 kilometers (km) of principal national roads, (ii) expand the road maintenance program of the Ministry of Infrastructure…",30850000.0,2012-05-02,Manatuto,Implementation,Transport,
TL,FeatureCollection,Timor-Leste,124.03003991000011,-9.501227721999896,127.31324303500011,-8.135023695999834,8200,Point,125.57361,-8.55861,Feature,45094-001,12674338.709999999,ROAD NETWORK UPGRADING PROJECT,2017-06-30,"The proposed project will (i) reconstruct or upgrade and climate proof about 59 kilometers (km) of principal national roads, (ii) expand the road maintenance program of the Ministry of Infrastructure…",30850000.0,2012-05-02,Dili,Implementation,Transport,
TL,FeatureCollection,Timor-Leste,124.03003991000011,-9.501227721999896,127.31324303500011,-8.135023695999834,8201,Point,125.43611,-8.72389,Feature,45094-001,12674338.709999999,ROAD NETWORK UPGRADING PROJECT,2017-06-30,"The proposed project will (i) reconstruct or upgrade and climate proof about 59 kilometers (km) of principal national roads, (ii) expand the road maintenance program of the Ministry of Infrastructure…",30850000.0,2012-05-02,Gleno,Implementation,Transport,
TL,FeatureCollection,Timor-Leste,124.03003991000011,-9.501227721999896,127.31324303500011,-8.135023695999834,8202,Point,125.75,-8.83333,Feature,45094-001,12674338.709999999,ROAD NETWORK UPGRADING PROJECT,2017-06-30,"The proposed project will (i) reconstruct or upgrade and climate proof about 59 kilometers (km) of principal national roads, (ii) expand the road maintenance program of the Ministry of Infrastructure…",30850000.0,2012-05-02,East Timor,Implementation,Transport,
TL,FeatureCollection,Timor-Leste,124.03003991000011,-9.501227721999896,127.31324303500011,-8.135023695999834,8203,Point,125.56299,-8.59239,Feature,45094-001,12674338.709999999,ROAD NETWORK UPGRADING PROJECT,2017-06-30,"The proposed project will (i) reconstruct or upgrade and climate proof about 59 kilometers (km) of principal national roads, (ii) expand the road maintenance program of the Ministry of Infrastructure…",30850000.0,2012-05-02,Vera Cruz,Implementation,Transport,
TL,FeatureCollection,Timor-Leste,124.03003991000011,-9.501227721999896,127.31324303500011,-8.135023695999834,8204,Point,125.52472,-8.54667,Feature,45094-001,12674338.709999999,ROAD NETWORK UPGRADING PROJECT,2017-06-30,"The proposed project will (i) reconstruct or upgrade and climate proof about 59 kilometers (km) of principal national roads, (ii) expand the road maintenance program of the Ministry of Infrastructure…",30850000.0,2012-05-02,Dom Aleixo,Implementation,Transport,
TL,FeatureCollection,Timor-Leste,124.03003991000011,-9.501227721999896,127.31324303500011,-8.135023695999834,8205,Point,126.06556,-8.85472,Feature,45094-001,12674338.709999999,ROAD NETWORK UPGRADING PROJECT,2017-06-30,"The proposed project will (i) reconstruct or upgrade and climate proof about 59 kilometers (km) of principal national roads, (ii) expand the road maintenance program of the Ministry of Infrastructure…",30850000.0,2012-05-02,Barique,Implementation,Transport,
TL,FeatureCollection,Timor-Leste,124.03003991000011,-9.501227721999896,127.31324303500011,-8.135023695999834,8206,Point,125.42546,-8.67237,Feature,45094-001,12674338.709999999,ROAD NETWORK UPGRADING PROJECT,2017-06-30,"The proposed project will (i) reconstruct or upgrade and climate proof about 59 kilometers (km) of principal national roads, (ii) expand the road maintenance program of the Ministry of Infrastructure…",30850000.0,2012-05-02,Railaco,Implementation,Transport,
TL,FeatureCollection,Timor-Leste,124.03003991000011,-9.501227721999896,127.31324303500011,-8.135023695999834,8207,Point,125.38168,-8.62464,Feature,45094-001,12674338.709999999,ROAD NETWORK UPGRADING PROJECT,2017-06-30,"The proposed project will (i) reconstruct or upgrade and climate proof about 59 kilometers (km) of principal national roads, (ii) expand the road maintenance program of the Ministry of Infrastructure…",30850000.0,2012-05-02,Bazartete,Implementation,Transport,
TL,FeatureCollection,Timor-Leste,124.03003991000011,-9.501227721999896,127.31324303500011,-8.135023695999834,8208,Point,125.39694,-8.75222,Feature,45094-001,12674338.709999999,ROAD NETWORK UPGRADING PROJECT,2017-06-30,"The proposed project will (i) reconstruct or upgrade and climate proof about 59 kilometers (km) of principal national roads, (ii) expand the road maintenance program of the Ministry of Infrastructure…",30850000.0,2012-05-02,Ermera Villa,Implementation,Transport,
TL,FeatureCollection,Timor-Leste,124.03003991000011,-9.501227721999896,127.31324303500011,-8.135023695999834,8209,Point,126.01516,-8.52207,Feature,45094-001,2952721.48,ROAD NETWORK UPGRADING PROJECT (SF),2017-06-30,"The proposed project will (i) reconstruct or upgrade and climate proof about 59 kilometers (km) of principal national roads, (ii) expand the road maintenance program of the Ministry of Infrastructure…",9150000.0,2012-05-02,Manatuto,Implementation,Transport,
TL,FeatureCollection,Timor-Leste,124.03003991000011,-9.501227721999896,127.31324303500011,-8.135023695999834,8210,Point,125.91186,-8.74975,Feature,45094-001,2952721.48,ROAD NETWORK UPGRADING PROJECT (SF),2017-06-30,"The proposed project will (i) reconstruct or upgrade and climate proof about 59 kilometers (km) of principal national roads, (ii) expand the road maintenance program of the Ministry of Infrastructure…",9150000.0,2012-05-02,Laclubar,Implementation,Transport,
TL,FeatureCollection,Timor-Leste,124.03003991000011,-9.501227721999896,127.31324303500011,-8.135023695999834,8211,Point,125.7868,-9.0273,Feature,45094-001,2952721.48,ROAD NETWORK UPGRADING PROJECT (SF),2017-06-30,"The proposed project will (i) reconstruct or upgrade and climate proof about 59 kilometers (km) of principal national roads, (ii) expand the road maintenance program of the Ministry of Infrastructure…",9150000.0,2012-05-02,Alas,Implementation,Transport,
TL,FeatureCollection,Timor-Leste,124.03003991000011,-9.501227721999896,127.31324303500011,-8.135023695999834,8212,Point,125.94,-8.86,Feature,45094-001,2952721.48,ROAD NETWORK UPGRADING PROJECT (SF),2017-06-30,"The proposed project will (i) reconstruct or upgrade and climate proof about 59 kilometers (km) of principal national roads, (ii) expand the road maintenance program of the Ministry of Infrastructure…",9150000.0,2012-05-02,Soibada,Implementation,Transport,
TL,FeatureCollection,Timor-Leste,124.03003991000011,-9.501227721999896,127.31324303500011,-8.135023695999834,8213,Point,125.95036,-9.10011,Feature,45094-001,2952721.48,ROAD NETWORK UPGRADING PROJECT (SF),2017-06-30,"The proposed project will (i) reconstruct or upgrade and climate proof about 59 kilometers (km) of principal national roads, (ii) expand the road maintenance program of the Ministry of Infrastructure…",9150000.0,2012-05-02,Natarbora,Implementation,Transport,
TL,FeatureCollection,Timor-Leste,124.03003991000011,-9.501227721999896,127.31324303500011,-8.135023695999834,8214,Point,125.48972,-8.56944,Feature,45094-001,2952721.48,ROAD NETWORK UPGRADING PROJECT (SF),2017-06-30,"The proposed project will (i) reconstruct or upgrade and climate proof about 59 kilometers (km) of principal national roads, (ii) expand the road maintenance program of the Ministry of Infrastructure…",9150000.0,2012-05-02,Tibar,Implementation,Transport,
TL,FeatureCollection,Timor-Leste,124.03003991000011,-9.501227721999896,127.31324303500011,-8.135023695999834,8215,Point,126.01306,-8.51139,Feature,45094-001,2952721.48,ROAD NETWORK UPGRADING PROJECT (SF),2017-06-30,"The proposed project will (i) reconstruct or upgrade and climate proof about 59 kilometers (km) of principal national roads, (ii) expand the road maintenance program of the Ministry of Infrastructure…",9150000.0,2012-05-02,Manatuto,Implementation,Transport,
TL,FeatureCollection,Timor-Leste,124.03003991000011,-9.501227721999896,127.31324303500011,-8.135023695999834,8216,Point,125.57361,-8.55861,Feature,45094-001,2952721.48,ROAD NETWORK UPGRADING PROJECT (SF),2017-06-30,"The proposed project will (i) reconstruct or upgrade and climate proof about 59 kilometers (km) of principal national roads, (ii) expand the road maintenance program of the Ministry of Infrastructure…",9150000.0,2012-05-02,Dili,Implementation,Transport,
TL,FeatureCollection,Timor-Leste,124.03003991000011,-9.501227721999896,127.31324303500011,-8.135023695999834,8217,Point,125.43611,-8.72389,Feature,45094-001,2952721.48,ROAD NETWORK UPGRADING PROJECT (SF),2017-06-30,"The proposed project will (i) reconstruct or upgrade and climate proof about 59 kilometers (km) of principal national roads, (ii) expand the road maintenance program of the Ministry of Infrastructure…",9150000.0,2012-05-02,Gleno,Implementation,Transport,
TL,FeatureCollection,Timor-Leste,124.03003991000011,-9.501227721999896,127.31324303500011,-8.135023695999834,8218,Point,125.75,-8.83333,Feature,45094-001,2952721.48,ROAD NETWORK UPGRADING PROJECT (SF),2017-06-30,"The proposed project will (i) reconstruct or upgrade and climate proof about 59 kilometers (km) of principal national roads, (ii) expand the road maintenance program of the Ministry of Infrastructure…",9150000.0,2012-05-02,East Timor,Implementation,Transport,
TL,FeatureCollection,Timor-Leste,124.03003991000011,-9.501227721999896,127.31324303500011,-8.135023695999834,8219,Point,125.56299,-8.59239,Feature,45094-001,2952721.48,ROAD NETWORK UPGRADING PROJECT (SF),2017-06-30,"The proposed project will (i) reconstruct or upgrade and climate proof about 59 kilometers (km) of principal national roads, (ii) expand the road maintenance program of the Ministry of Infrastructure…",9150000.0,2012-05-02,Vera Cruz,Implementation,Transport,
TL,FeatureCollection,Timor-Leste,124.03003991000011,-9.501227721999896,127.31324303500011,-8.135023695999834,8220,Point,125.52472,-8.54667,Feature,45094-001,2952721.48,ROAD NETWORK UPGRADING PROJECT (SF),2017-06-30,"The proposed project will (i) reconstruct or upgrade and climate proof about 59 kilometers (km) of principal national roads, (ii) expand the road maintenance program of the Ministry of Infrastructure…",9150000.0,2012-05-02,Dom Aleixo,Implementation,Transport,
TL,FeatureCollection,Timor-Leste,124.03003991000011,-9.501227721999896,127.31324303500011,-8.135023695999834,8221,Point,126.06556,-8.85472,Feature,45094-001,2952721.48,ROAD NETWORK UPGRADING PROJECT (SF),2017-06-30,"The proposed project will (i) reconstruct or upgrade and climate proof about 59 kilometers (km) of principal national roads, (ii) expand the road maintenance program of the Ministry of Infrastructure…",9150000.0,2012-05-02,Barique,Implementation,Transport,
TL,FeatureCollection,Timor-Leste,124.03003991000011,-9.501227721999896,127.31324303500011,-8.135023695999834,8222,Point,125.42546,-8.67237,Feature,45094-001,2952721.48,ROAD NETWORK UPGRADING PROJECT (SF),2017-06-30,"The proposed project will (i) reconstruct or upgrade and climate proof about 59 kilometers (km) of principal national roads, (ii) expand the road maintenance program of the Ministry of Infrastructure…",9150000.0,2012-05-02,Railaco,Implementation,Transport,
TL,FeatureCollection,Timor-Leste,124.03003991000011,-9.501227721999896,127.31324303500011,-8.135023695999834,8223,Point,125.38168,-8.62464,Feature,45094-001,2952721.48,ROAD NETWORK UPGRADING PROJECT (SF),2017-06-30,"The proposed project will (i) reconstruct or upgrade and climate proof about 59 kilometers (km) of principal national roads, (ii) expand the road maintenance program of the Ministry of Infrastructure…",9150000.0,2012-05-02,Bazartete,Implementation,Transport,
TL,FeatureCollection,Timor-Leste,124.03003991000011,-9.501227721999896,127.31324303500011,-8.135023695999834,8224,Point,125.39694,-8.75222,Feature,45094-001,2952721.48,ROAD NETWORK UPGRADING PROJECT (SF),2017-06-30,"The proposed project will (i) reconstruct or upgrade and climate proof about 59 kilometers (km) of principal national roads, (ii) expand the road maintenance program of the Ministry of Infrastructure…",9150000.0,2012-05-02,Ermera Villa,Implementation,Transport,
TL,FeatureCollection,Timor-Leste,124.03003991000011,-9.501227721999896,127.31324303500011,-8.135023695999834,8225,Point,126.36472,-8.8575,Feature,46260-002,856780.42,ROAD NETWORK UPGRADING SECTOR PROJECT,2020-06-30,The Road Network Upgrading Sector Project will upgrade priority sections of the national road network,40000000.0,2013-11-18,Viqueque,Implementation,Transport,
TL,FeatureCollection,Timor-Leste,124.03003991000011,-9.501227721999896,127.31324303500011,-8.135023695999834,8226,Point,125.93694,-8.86056,Feature,46260-002,856780.42,ROAD NETWORK UPGRADING SECTOR PROJECT,2020-06-30,The Road Network Upgrading Sector Project will upgrade priority sections of the national road network,40000000.0,2013-11-18,Soibada,Implementation,Transport,
TL,FeatureCollection,Timor-Leste,124.03003991000011,-9.501227721999896,127.31324303500011,-8.135023695999834,8227,Point,126.01306,-8.51139,Feature,46260-002,856780.42,ROAD NETWORK UPGRADING SECTOR PROJECT,2020-06-30,The Road Network Upgrading Sector Project will upgrade priority sections of the national road network,40000000.0,2013-11-18,Manatuto,Implementation,Transport,
TL,FeatureCollection,Timor-Leste,124.03003991000011,-9.501227721999896,127.31324303500011,-8.135023695999834,8228,Point,126.90438,-8.36423,Feature,46260-002,856780.42,ROAD NETWORK UPGRADING SECTOR PROJECT,2020-06-30,The Road Network Upgrading Sector Project will upgrade priority sections of the national road network,40000000.0,2013-11-18,Lautem,Implementation,Transport,
TL,FeatureCollection,Timor-Leste,124.03003991000011,-9.501227721999896,127.31324303500011,-8.135023695999834,8229,Point,126.59694,-8.47222,Feature,46260-002,856780.42,ROAD NETWORK UPGRADING SECTOR PROJECT,2020-06-30,The Road Network Upgrading Sector Project will upgrade priority sections of the national road network,40000000.0,2013-11-18,Laga,Implementation,Transport,
TL,FeatureCollection,Timor-Leste,124.03003991000011,-9.501227721999896,127.31324303500011,-8.135023695999834,8230,Point,125.91111,-8.74639,Feature,46260-002,856780.42,ROAD NETWORK UPGRADING SECTOR PROJECT,2020-06-30,The Road Network Upgrading Sector Project will upgrade priority sections of the national road network,40000000.0,2013-11-18,Laclubar,Implementation,Transport,
TL,FeatureCollection,Timor-Leste,124.03003991000011,-9.501227721999896,127.31324303500011,-8.135023695999834,8231,Point,126.45833,-8.47111,Feature,46260-002,856780.42,ROAD NETWORK UPGRADING SECTOR PROJECT,2020-06-30,The Road Network Upgrading Sector Project will upgrade priority sections of the national road network,40000000.0,2013-11-18,Baucau,Implementation,Transport,
TL,FeatureCollection,Timor-Leste,124.03003991000011,-9.501227721999896,127.31324303500011,-8.135023695999834,8232,Point,127.0025,-8.51861,Feature,46260-002,856780.42,ROAD NETWORK UPGRADING SECTOR PROJECT,2020-06-30,The Road Network Upgrading Sector Project will upgrade priority sections of the national road network,40000000.0,2013-11-18,Lospalos,Implementation,Transport,
TL,FeatureCollection,Timor-Leste,124.03003991000011,-9.501227721999896,127.31324303500011,-8.135023695999834,8233,Point,126.38111,-8.5825,Feature,46260-002,856780.42,ROAD NETWORK UPGRADING SECTOR PROJECT,2020-06-30,The Road Network Upgrading Sector Project will upgrade priority sections of the national road network,40000000.0,2013-11-18,Venilale,Implementation,Transport,
TL,FeatureCollection,Timor-Leste,124.03003991000011,-9.501227721999896,127.31324303500011,-8.135023695999834,8234,Point,127.05111,-8.35611,Feature,46260-002,856780.42,ROAD NETWORK UPGRADING SECTOR PROJECT,2020-06-30,The Road Network Upgrading Sector Project will upgrade priority sections of the national road network,40000000.0,2013-11-18,Com,Implementation,Transport,
TL,FeatureCollection,Timor-Leste,124.03003991000011,-9.501227721999896,127.31324303500011,-8.135023695999834,8235,Point,126.37306,-8.73778,Feature,46260-002,856780.42,ROAD NETWORK UPGRADING SECTOR PROJECT,2020-06-30,The Road Network Upgrading Sector Project will upgrade priority sections of the national road network,40000000.0,2013-11-18,Ossu,Implementation,Transport,
TL,FeatureCollection,Timor-Leste,124.03003991000011,-9.501227721999896,127.31324303500011,-8.135023695999834,8236,Point,126.01111,-8.51,Feature,46260-002,856780.42,ROAD NETWORK UPGRADING SECTOR PROJECT,2020-06-30,The Road Network Upgrading Sector Project will upgrade priority sections of the national road network,40000000.0,2013-11-18,Sau,Implementation,Transport,
TL,FeatureCollection,Timor-Leste,124.03003991000011,-9.501227721999896,127.31324303500011,-8.135023695999834,8237,Point,126.36361,-8.85778,Feature,46260-002,856780.42,ROAD NETWORK UPGRADING SECTOR PROJECT,2020-06-30,The Road Network Upgrading Sector Project will upgrade priority sections of the national road network,40000000.0,2013-11-18,Manehat,Implementation,Transport,
TL,FeatureCollection,Timor-Leste,124.03003991000011,-9.501227721999896,127.31324303500011,-8.135023695999834,8238,Point,126.06556,-8.85472,Feature,46260-002,856780.42,ROAD NETWORK UPGRADING SECTOR PROJECT,2020-06-30,The Road Network Upgrading Sector Project will upgrade priority sections of the national road network,40000000.0,2013-11-18,Barique,Implementation,Transport,
TL,FeatureCollection,Timor-Leste,124.03003991000011,-9.501227721999896,127.31324303500011,-8.135023695999834,8239,Point,126.45,-8.46667,Feature,46260-002,856780.42,ROAD NETWORK UPGRADING SECTOR PROJECT,2020-06-30,The Road Network Upgrading Sector Project will upgrade priority sections of the national road network,40000000.0,2013-11-18,Baucau,Implementation,Transport,
TL,FeatureCollection,Timor-Leste,124.03003991000011,-9.501227721999896,127.31324303500011,-8.135023695999834,8240,Point,126.59228,-8.47411,Feature,46260-002,856780.42,ROAD NETWORK UPGRADING SECTOR PROJECT,2020-06-30,The Road Network Upgrading Sector Project will upgrade priority sections of the national road network,40000000.0,2013-11-18,Laga,Implementation,Transport,
TL,FeatureCollection,Timor-Leste,124.03003991000011,-9.501227721999896,127.31324303500011,-8.135023695999834,8241,Point,126.37861,-8.58238,Feature,46260-002,856780.42,ROAD NETWORK UPGRADING SECTOR PROJECT,2020-06-30,The Road Network Upgrading Sector Project will upgrade priority sections of the national road network,40000000.0,2013-11-18,Venilale,Implementation,Transport,
TL,FeatureCollection,Timor-Leste,124.03003991000011,-9.501227721999896,127.31324303500011,-8.135023695999834,8242,Point,126.90389,-8.36514,Feature,46260-002,856780.42,ROAD NETWORK UPGRADING SECTOR PROJECT,2020-06-30,The Road Network Upgrading Sector Project will upgrade priority sections of the national road network,40000000.0,2013-11-18,Lautem,Implementation,Transport,
TL,FeatureCollection,Timor-Leste,124.03003991000011,-9.501227721999896,127.31324303500011,-8.135023695999834,8243,Point,126.01516,-8.52207,Feature,46260-002,856780.42,ROAD NETWORK UPGRADING SECTOR PROJECT,2020-06-30,The Road Network Upgrading Sector Project will upgrade priority sections of the national road network,40000000.0,2013-11-18,Manatuto,Implementation,Transport,
TL,FeatureCollection,Timor-Leste,124.03003991000011,-9.501227721999896,127.31324303500011,-8.135023695999834,8244,Point,125.91186,-8.74975,Feature,46260-002,856780.42,ROAD NETWORK UPGRADING SECTOR PROJECT,2020-06-30,The Road Network Upgrading Sector Project will upgrade priority sections of the national road network,40000000.0,2013-11-18,Laclubar,Implementation,Transport,
TL,FeatureCollection,Timor-Leste,124.03003991000011,-9.501227721999896,127.31324303500011,-8.135023695999834,8245,Point,126.38324,-8.73477,Feature,46260-002,856780.42,ROAD NETWORK UPGRADING SECTOR PROJECT,2020-06-30,The Road Network Upgrading Sector Project will upgrade priority sections of the national road network,40000000.0,2013-11-18,Ossu,Implementation,Transport,
TL,FeatureCollection,Timor-Leste,124.03003991000011,-9.501227721999896,127.31324303500011,-8.135023695999834,8246,Point,125.94,-8.86,Feature,46260-002,856780.42,ROAD NETWORK UPGRADING SECTOR PROJECT,2020-06-30,The Road Network Upgrading Sector Project will upgrade priority sections of the national road network,40000000.0,2013-11-18,Soibada,Implementation,Transport,
TL,FeatureCollection,Timor-Leste,124.03003991000011,-9.501227721999896,127.31324303500011,-8.135023695999834,8247,Point,126.9956,-8.51821,Feature,46260-002,856780.42,ROAD NETWORK UPGRADING SECTOR PROJECT,2020-06-30,The Road Network Upgrading Sector Project will upgrade priority sections of the national road network,40000000.0,2013-11-18,Lospalos,Implementation,Transport,
TL,FeatureCollection,Timor-Leste,124.03003991000011,-9.501227721999896,127.31324303500011,-8.135023695999834,8248,Point,126.36972,-8.85908,Feature,46260-002,856780.42,ROAD NETWORK UPGRADING SECTOR PROJECT,2020-06-30,The Road Network Upgrading Sector Project will upgrade priority sections of the national road network,40000000.0,2013-11-18,Viqueque,Implementation,Transport,
TL,FeatureCollection,Timor-Leste,124.03003991000011,-9.501227721999896,127.31324303500011,-8.135023695999834,8249,Point,126.05095,-8.97961,Feature,46260-002,856780.42,ROAD NETWORK UPGRADING SECTOR PROJECT,2020-06-30,The Road Network Upgrading Sector Project will upgrade priority sections of the national road network,40000000.0,2013-11-18,Natarbora,Implementation,Transport,
TL,FeatureCollection,Timor-Leste,124.03003991000011,-9.501227721999896,127.31324303500011,-8.135023695999834,8250,Point,126.06556,-8.85472,Feature,46260-002,856780.42,ROAD NETWORK UPGRADING SECTOR PROJECT,2020-06-30,The Road Network Upgrading Sector Project will upgrade priority sections of the national road network,40000000.0,2013-11-18,Barique,Implementation,Transport,
TL,FeatureCollection,Timor-Leste,124.03003991000011,-9.501227721999896,127.31324303500011,-8.135023695999834,8251,Point,126.45,-8.46667,Feature,46260-002,856780.42,ROAD NETWORK UPGRADING SECTOR PROJECT,2020-06-30,The Road Network Upgrading Sector Project will upgrade priority sections of the national road network,40000000.0,2013-11-18,Baucau,Implementation,Transport,
TL,FeatureCollection,Timor-Leste,124.03003991000011,-9.501227721999896,127.31324303500011,-8.135023695999834,8252,Point,126.45833,-8.47111,Feature,46260-002,856780.42,ROAD NETWORK UPGRADING SECTOR PROJECT,2020-06-30,The Road Network Upgrading Sector Project will upgrade priority sections of the national road network,40000000.0,2013-11-18,Baucau,Implementation,Transport,
TL,FeatureCollection,Timor-Leste,124.03003991000011,-9.501227721999896,127.31324303500011,-8.135023695999834,8253,Point,127.05111,-8.35611,Feature,46260-002,856780.42,ROAD NETWORK UPGRADING SECTOR PROJECT,2020-06-30,The Road Network Upgrading Sector Project will upgrade priority sections of the national road network,40000000.0,2013-11-18,Com,Implementation,Transport,
TL,FeatureCollection,Timor-Leste,124.03003991000011,-9.501227721999896,127.31324303500011,-8.135023695999834,8254,Point,125.91186,-8.74975,Feature,46260-002,856780.42,ROAD NETWORK UPGRADING SECTOR PROJECT,2020-06-30,The Road Network Upgrading Sector Project will upgrade priority sections of the national road network,40000000.0,2013-11-18,Laclubar,Implementation,Transport,
TL,FeatureCollection,Timor-Leste,124.03003991000011,-9.501227721999896,127.31324303500011,-8.135023695999834,8255,Point,125.91111,-8.74639,Feature,46260-002,856780.42,ROAD NETWORK UPGRADING SECTOR PROJECT,2020-06-30,The Road Network Upgrading Sector Project will upgrade priority sections of the national road network,40000000.0,2013-11-18,Laclubar,Implementation,Transport,
TL,FeatureCollection,Timor-Leste,124.03003991000011,-9.501227721999896,127.31324303500011,-8.135023695999834,8256,Point,126.59228,-8.47411,Feature,46260-002,856780.42,ROAD NETWORK UPGRADING SECTOR PROJECT,2020-06-30,The Road Network Upgrading Sector Project will upgrade priority sections of the national road network,40000000.0,2013-11-18,Laga,Implementation,Transport,
TL,FeatureCollection,Timor-Leste,124.03003991000011,-9.501227721999896,127.31324303500011,-8.135023695999834,8257,Point,126.59694,-8.47222,Feature,46260-002,856780.42,ROAD NETWORK UPGRADING SECTOR PROJECT,2020-06-30,The Road Network Upgrading Sector Project will upgrade priority sections of the national road network,40000000.0,2013-11-18,Laga,Implementation,Transport,
TL,FeatureCollection,Timor-Leste,124.03003991000011,-9.501227721999896,127.31324303500011,-8.135023695999834,8258,Point,126.90389,-8.36514,Feature,46260-002,856780.42,ROAD NETWORK UPGRADING SECTOR PROJECT,2020-06-30,The Road Network Upgrading Sector Project will upgrade priority sections of the national road network,40000000.0,2013-11-18,Lautem,Implementation,Transport,
TL,FeatureCollection,Timor-Leste,124.03003991000011,-9.501227721999896,127.31324303500011,-8.135023695999834,8259,Point,126.90438,-8.36423,Feature,46260-002,856780.42,ROAD NETWORK UPGRADING SECTOR PROJECT,2020-06-30,The Road Network Upgrading Sector Project will upgrade priority sections of the national road network,40000000.0,2013-11-18,Lautem,Implementation,Transport,
TL,FeatureCollection,Timor-Leste,124.03003991000011,-9.501227721999896,127.31324303500011,-8.135023695999834,8260,Point,127.0025,-8.51861,Feature,46260-002,856780.42,ROAD NETWORK UPGRADING SECTOR PROJECT,2020-06-30,The Road Network Upgrading Sector Project will upgrade priority sections of the national road network,40000000.0,2013-11-18,Lospalos,Implementation,Transport,
TL,FeatureCollection,Timor-Leste,124.03003991000011,-9.501227721999896,127.31324303500011,-8.135023695999834,8261,Point,126.9956,-8.51821,Feature,46260-002,856780.42,ROAD NETWORK UPGRADING SECTOR PROJECT,2020-06-30,The Road Network Upgrading Sector Project will upgrade priority sections of the national road network,40000000.0,2013-11-18,Lospalos,Implementation,Transport,
TL,FeatureCollection,Timor-Leste,124.03003991000011,-9.501227721999896,127.31324303500011,-8.135023695999834,8262,Point,126.01306,-8.51139,Feature,46260-002,856780.42,ROAD NETWORK UPGRADING SECTOR PROJECT,2020-06-30,The Road Network Upgrading Sector Project will upgrade priority sections of the national road network,40000000.0,2013-11-18,Manatuto,Implementation,Transport,
TL,FeatureCollection,Timor-Leste,124.03003991000011,-9.501227721999896,127.31324303500011,-8.135023695999834,8263,Point,126.01516,-8.52207,Feature,46260-002,856780.42,ROAD NETWORK UPGRADING SECTOR PROJECT,2020-06-30,The Road Network Upgrading Sector Project will upgrade priority sections of the national road network,40000000.0,2013-11-18,Manatuto,Implementation,Transport,
TL,FeatureCollection,Timor-Leste,124.03003991000011,-9.501227721999896,127.31324303500011,-8.135023695999834,8264,Point,126.36361,-8.85778,Feature,46260-002,856780.42,ROAD NETWORK UPGRADING SECTOR PROJECT,2020-06-30,The Road Network Upgrading Sector Project will upgrade priority sections of the national road network,40000000.0,2013-11-18,Manehat,Implementation,Transport,
TL,FeatureCollection,Timor-Leste,124.03003991000011,-9.501227721999896,127.31324303500011,-8.135023695999834,8265,Point,126.38324,-8.73477,Feature,46260-002,856780.42,ROAD NETWORK UPGRADING SECTOR PROJECT,2020-06-30,The Road Network Upgrading Sector Project will upgrade priority sections of the national road network,40000000.0,2013-11-18,Ossu,Implementation,Transport,
TL,FeatureCollection,Timor-Leste,124.03003991000011,-9.501227721999896,127.31324303500011,-8.135023695999834,8266,Point,126.37306,-8.73778,Feature,46260-002,856780.42,ROAD NETWORK UPGRADING SECTOR PROJECT,2020-06-30,The Road Network Upgrading Sector Project will upgrade priority sections of the national road network,40000000.0,2013-11-18,Ossu,Implementation,Transport,
TL,FeatureCollection,Timor-Leste,124.03003991000011,-9.501227721999896,127.31324303500011,-8.135023695999834,8267,Point,126.01111,-8.51,Feature,46260-002,856780.42,ROAD NETWORK UPGRADING SECTOR PROJECT,2020-06-30,The Road Network Upgrading Sector Project will upgrade priority sections of the national road network,40000000.0,2013-11-18,Sau,Implementation,Transport,
TL,FeatureCollection,Timor-Leste,124.03003991000011,-9.501227721999896,127.31324303500011,-8.135023695999834,8268,Point,125.94,-8.86,Feature,46260-002,856780.42,ROAD NETWORK UPGRADING SECTOR PROJECT,2020-06-30,The Road Network Upgrading Sector Project will upgrade priority sections of the national road network,40000000.0,2013-11-18,Soibada,Implementation,Transport,
TL,FeatureCollection,Timor-Leste,124.03003991000011,-9.501227721999896,127.31324303500011,-8.135023695999834,8269,Point,125.93694,-8.86056,Feature,46260-002,856780.42,ROAD NETWORK UPGRADING SECTOR PROJECT,2020-06-30,The Road Network Upgrading Sector Project will upgrade priority sections of the national road network,40000000.0,2013-11-18,Soibada,Implementation,Transport,
TL,FeatureCollection,Timor-Leste,124.03003991000011,-9.501227721999896,127.31324303500011,-8.135023695999834,8270,Point,126.37861,-8.58238,Feature,46260-002,856780.42,ROAD NETWORK UPGRADING SECTOR PROJECT,2020-06-30,The Road Network Upgrading Sector Project will upgrade priority sections of the national road network,40000000.0,2013-11-18,Venilale,Implementation,Transport,
TL,FeatureCollection,Timor-Leste,124.03003991000011,-9.501227721999896,127.31324303500011,-8.135023695999834,8271,Point,126.38111,-8.5825,Feature,46260-002,856780.42,ROAD NETWORK UPGRADING SECTOR PROJECT,2020-06-30,The Road Network Upgrading Sector Project will upgrade priority sections of the national road network,40000000.0,2013-11-18,Venilale,Implementation,Transport,
TL,FeatureCollection,Timor-Leste,124.03003991000011,-9.501227721999896,127.31324303500011,-8.135023695999834,8272,Point,126.36472,-8.8575,Feature,46260-002,856780.42,ROAD NETWORK UPGRADING SECTOR PROJECT,2020-06-30,The Road Network Upgrading Sector Project will upgrade priority sections of the national road network,40000000.0,2013-11-18,Viqueque,Implementation,Transport,
TL,FeatureCollection,Timor-Leste,124.03003991000011,-9.501227721999896,127.31324303500011,-8.135023695999834,8273,Point,126.36972,-8.85908,Feature,46260-002,856780.42,ROAD NETWORK UPGRADING SECTOR PROJECT,2020-06-30,The Road Network Upgrading Sector Project will upgrade priority sections of the national road network,40000000.0,2013-11-18,Viqueque,Implementation,Transport,
TL,FeatureCollection,Timor-Leste,124.03003991000011,-9.501227721999896,127.31324303500011,-8.135023695999834,8274,Point,126.36472,-8.8575,Feature,46260-002,356377.85,ROAD NETWORK UPGRADING SECTOR PROJECT (SF),2020-06-30,The Road Network Upgrading Sector Project will upgrade priority sections of the national road network,10000000.0,2013-11-18,Viqueque,Implementation,Transport,
TL,FeatureCollection,Timor-Leste,124.03003991000011,-9.501227721999896,127.31324303500011,-8.135023695999834,8275,Point,125.93694,-8.86056,Feature,46260-002,356377.85,ROAD NETWORK UPGRADING SECTOR PROJECT (SF),2020-06-30,The Road Network Upgrading Sector Project will upgrade priority sections of the national road network,10000000.0,2013-11-18,Soibada,Implementation,Transport,
TL,FeatureCollection,Timor-Leste,124.03003991000011,-9.501227721999896,127.31324303500011,-8.135023695999834,8276,Point,126.01306,-8.51139,Feature,46260-002,356377.85,ROAD NETWORK UPGRADING SECTOR PROJECT (SF),2020-06-30,The Road Network Upgrading Sector Project will upgrade priority sections of the national road network,10000000.0,2013-11-18,Manatuto,Implementation,Transport,
TL,FeatureCollection,Timor-Leste,124.03003991000011,-9.501227721999896,127.31324303500011,-8.135023695999834,8277,Point,126.90438,-8.36423,Feature,46260-002,356377.85,ROAD NETWORK UPGRADING SECTOR PROJECT (SF),2020-06-30,The Road Network Upgrading Sector Project will upgrade priority sections of the national road network,10000000.0,2013-11-18,Lautem,Implementation,Transport,
TL,FeatureCollection,Timor-Leste,124.03003991000011,-9.501227721999896,127.31324303500011,-8.135023695999834,8278,Point,126.59694,-8.47222,Feature,46260-002,356377.85,ROAD NETWORK UPGRADING SECTOR PROJECT (SF),2020-06-30,The Road Network Upgrading Sector Project will upgrade priority sections of the national road network,10000000.0,2013-11-18,Laga,Implementation,Transport,
TL,FeatureCollection,Timor-Leste,124.03003991000011,-9.501227721999896,127.31324303500011,-8.135023695999834,8279,Point,125.91111,-8.74639,Feature,46260-002,356377.85,ROAD NETWORK UPGRADING SECTOR PROJECT (SF),2020-06-30,The Road Network Upgrading Sector Project will upgrade priority sections of the national road network,10000000.0,2013-11-18,Laclubar,Implementation,Transport,
TL,FeatureCollection,Timor-Leste,124.03003991000011,-9.501227721999896,127.31324303500011,-8.135023695999834,8280,Point,126.45833,-8.47111,Feature,46260-002,356377.85,ROAD NETWORK UPGRADING SECTOR PROJECT (SF),2020-06-30,The Road Network Upgrading Sector Project will upgrade priority sections of the national road network,10000000.0,2013-11-18,Baucau,Implementation,Transport,
TL,FeatureCollection,Timor-Leste,124.03003991000011,-9.501227721999896,127.31324303500011,-8.135023695999834,8281,Point,127.0025,-8.51861,Feature,46260-002,356377.85,ROAD NETWORK UPGRADING SECTOR PROJECT (SF),2020-06-30,The Road Network Upgrading Sector Project will upgrade priority sections of the national road network,10000000.0,2013-11-18,Lospalos,Implementation,Transport,
TL,FeatureCollection,Timor-Leste,124.03003991000011,-9.501227721999896,127.31324303500011,-8.135023695999834,8282,Point,126.38111,-8.5825,Feature,46260-002,356377.85,ROAD NETWORK UPGRADING SECTOR PROJECT (SF),2020-06-30,The Road Network Upgrading Sector Project will upgrade priority sections of the national road network,10000000.0,2013-11-18,Venilale,Implementation,Transport,
TL,FeatureCollection,Timor-Leste,124.03003991000011,-9.501227721999896,127.31324303500011,-8.135023695999834,8283,Point,127.05111,-8.35611,Feature,46260-002,356377.85,ROAD NETWORK UPGRADING SECTOR PROJECT (SF),2020-06-30,The Road Network Upgrading Sector Project will upgrade priority sections of the national road network,10000000.0,2013-11-18,Com,Implementation,Transport,
TL,FeatureCollection,Timor-Leste,124.03003991000011,-9.501227721999896,127.31324303500011,-8.135023695999834,8284,Point,126.37306,-8.73778,Feature,46260-002,356377.85,ROAD NETWORK UPGRADING SECTOR PROJECT (SF),2020-06-30,The Road Network Upgrading Sector Project will upgrade priority sections of the national road network,10000000.0,2013-11-18,Ossu,Implementation,Transport,
TL,FeatureCollection,Timor-Leste,124.03003991000011,-9.501227721999896,127.31324303500011,-8.135023695999834,8285,Point,126.01111,-8.51,Feature,46260-002,356377.85,ROAD NETWORK UPGRADING SECTOR PROJECT (SF),2020-06-30,The Road Network Upgrading Sector Project will upgrade priority sections of the national road network,10000000.0,2013-11-18,Sau,Implementation,Transport,
TL,FeatureCollection,Timor-Leste,124.03003991000011,-9.501227721999896,127.31324303500011,-8.135023695999834,8286,Point,126.36361,-8.85778,Feature,46260-002,356377.85,ROAD NETWORK UPGRADING SECTOR PROJECT (SF),2020-06-30,The Road Network Upgrading Sector Project will upgrade priority sections of the national road network,10000000.0,2013-11-18,Manehat,Implementation,Transport,
TL,FeatureCollection,Timor-Leste,124.03003991000011,-9.501227721999896,127.31324303500011,-8.135023695999834,8287,Point,126.06556,-8.85472,Feature,46260-002,356377.85,ROAD NETWORK UPGRADING SECTOR PROJECT (SF),2020-06-30,The Road Network Upgrading Sector Project will upgrade priority sections of the national road network,10000000.0,2013-11-18,Barique,Implementation,Transport,
TL,FeatureCollection,Timor-Leste,124.03003991000011,-9.501227721999896,127.31324303500011,-8.135023695999834,8288,Point,126.45,-8.46667,Feature,46260-002,356377.85,ROAD NETWORK UPGRADING SECTOR PROJECT (SF),2020-06-30,The Road Network Upgrading Sector Project will upgrade priority sections of the national road network,10000000.0,2013-11-18,Baucau,Implementation,Transport,
TL,FeatureCollection,Timor-Leste,124.03003991000011,-9.501227721999896,127.31324303500011,-8.135023695999834,8289,Point,126.59228,-8.47411,Feature,46260-002,356377.85,ROAD NETWORK UPGRADING SECTOR PROJECT (SF),2020-06-30,The Road Network Upgrading Sector Project will upgrade priority sections of the national road network,10000000.0,2013-11-18,Laga,Implementation,Transport,
TL,FeatureCollection,Timor-Leste,124.03003991000011,-9.501227721999896,127.31324303500011,-8.135023695999834,8290,Point,126.37861,-8.58238,Feature,46260-002,356377.85,ROAD NETWORK UPGRADING SECTOR PROJECT (SF),2020-06-30,The Road Network Upgrading Sector Project will upgrade priority sections of the national road network,10000000.0,2013-11-18,Venilale,Implementation,Transport,
TL,FeatureCollection,Timor-Leste,124.03003991000011,-9.501227721999896,127.31324303500011,-8.135023695999834,8291,Point,126.90389,-8.36514,Feature,46260-002,356377.85,ROAD NETWORK UPGRADING SECTOR PROJECT (SF),2020-06-30,The Road Network Upgrading Sector Project will upgrade priority sections of the national road network,10000000.0,2013-11-18,Lautem,Implementation,Transport,
TL,FeatureCollection,Timor-Leste,124.03003991000011,-9.501227721999896,127.31324303500011,-8.135023695999834,8292,Point,126.01516,-8.52207,Feature,46260-002,356377.85,ROAD NETWORK UPGRADING SECTOR PROJECT (SF),2020-06-30,The Road Network Upgrading Sector Project will upgrade priority sections of the national road network,10000000.0,2013-11-18,Manatuto,Implementation,Transport,
TL,FeatureCollection,Timor-Leste,124.03003991000011,-9.501227721999896,127.31324303500011,-8.135023695999834,8293,Point,125.91186,-8.74975,Feature,46260-002,356377.85,ROAD NETWORK UPGRADING SECTOR PROJECT (SF),2020-06-30,The Road Network Upgrading Sector Project will upgrade priority sections of the national road network,10000000.0,2013-11-18,Laclubar,Implementation,Transport,
TL,FeatureCollection,Timor-Leste,124.03003991000011,-9.501227721999896,127.31324303500011,-8.135023695999834,8294,Point,126.38324,-8.73477,Feature,46260-002,356377.85,ROAD NETWORK UPGRADING SECTOR PROJECT (SF),2020-06-30,The Road Network Upgrading Sector Project will upgrade priority sections of the national road network,10000000.0,2013-11-18,Ossu,Implementation,Transport,
TL,FeatureCollection,Timor-Leste,124.03003991000011,-9.501227721999896,127.31324303500011,-8.135023695999834,8295,Point,125.94,-8.86,Feature,46260-002,356377.85,ROAD NETWORK UPGRADING SECTOR PROJECT (SF),2020-06-30,The Road Network Upgrading Sector Project will upgrade priority sections of the national road network,10000000.0,2013-11-18,Soibada,Implementation,Transport,
TL,FeatureCollection,Timor-Leste,124.03003991000011,-9.501227721999896,127.31324303500011,-8.135023695999834,8296,Point,126.9956,-8.51821,Feature,46260-002,356377.85,ROAD NETWORK UPGRADING SECTOR PROJECT (SF),2020-06-30,The Road Network Upgrading Sector Project will upgrade priority sections of the national road network,10000000.0,2013-11-18,Lospalos,Implementation,Transport,
TL,FeatureCollection,Timor-Leste,124.03003991000011,-9.501227721999896,127.31324303500011,-8.135023695999834,8297,Point,126.36972,-8.85908,Feature,46260-002,356377.85,ROAD NETWORK UPGRADING SECTOR PROJECT (SF),2020-06-30,The Road Network Upgrading Sector Project will upgrade priority sections of the national road network,10000000.0,2013-11-18,Viqueque,Implementation,Transport,
TL,FeatureCollection,Timor-Leste,124.03003991000011,-9.501227721999896,127.31324303500011,-8.135023695999834,8298,Point,126.05095,-8.97961,Feature,46260-002,356377.85,ROAD NETWORK UPGRADING SECTOR PROJECT (SF),2020-06-30,The Road Network Upgrading Sector Project will upgrade priority sections of the national road network,10000000.0,2013-11-18,Natarbora,Implementation,Transport,
TL,FeatureCollection,Timor-Leste,124.03003991000011,-9.501227721999896,127.31324303500011,-8.135023695999834,8299,Point,126.06556,-8.85472,Feature,46260-002,356377.85,ROAD NETWORK UPGRADING SECTOR PROJECT (SF),2020-06-30,The Road Network Upgrading Sector Project will upgrade priority sections of the national road network,10000000.0,2013-11-18,Barique,Implementation,Transport,
TL,FeatureCollection,Timor-Leste,124.03003991000011,-9.501227721999896,127.31324303500011,-8.135023695999834,8300,Point,126.45,-8.46667,Feature,46260-002,356377.85,ROAD NETWORK UPGRADING SECTOR PROJECT (SF),2020-06-30,The Road Network Upgrading Sector Project will upgrade priority sections of the national road network,10000000.0,2013-11-18,Baucau,Implementation,Transport,
TL,FeatureCollection,Timor-Leste,124.03003991000011,-9.501227721999896,127.31324303500011,-8.135023695999834,8301,Point,126.45833,-8.47111,Feature,46260-002,356377.85,ROAD NETWORK UPGRADING SECTOR PROJECT (SF),2020-06-30,The Road Network Upgrading Sector Project will upgrade priority sections of the national road network,10000000.0,2013-11-18,Baucau,Implementation,Transport,
TL,FeatureCollection,Timor-Leste,124.03003991000011,-9.501227721999896,127.31324303500011,-8.135023695999834,8302,Point,127.05111,-8.35611,Feature,46260-002,356377.85,ROAD NETWORK UPGRADING SECTOR PROJECT (SF),2020-06-30,The Road Network Upgrading Sector Project will upgrade priority sections of the national road network,10000000.0,2013-11-18,Com,Implementation,Transport,
TL,FeatureCollection,Timor-Leste,124.03003991000011,-9.501227721999896,127.31324303500011,-8.135023695999834,8303,Point,125.91186,-8.74975,Feature,46260-002,356377.85,ROAD NETWORK UPGRADING SECTOR PROJECT (SF),2020-06-30,The Road Network Upgrading Sector Project will upgrade priority sections of the national road network,10000000.0,2013-11-18,Laclubar,Implementation,Transport,
TL,FeatureCollection,Timor-Leste,124.03003991000011,-9.501227721999896,127.31324303500011,-8.135023695999834,8304,Point,125.91111,-8.74639,Feature,46260-002,356377.85,ROAD NETWORK UPGRADING SECTOR PROJECT (SF),2020-06-30,The Road Network Upgrading Sector Project will upgrade priority sections of the national road network,10000000.0,2013-11-18,Laclubar,Implementation,Transport,
TL,FeatureCollection,Timor-Leste,124.03003991000011,-9.501227721999896,127.31324303500011,-8.135023695999834,8305,Point,126.59228,-8.47411,Feature,46260-002,356377.85,ROAD NETWORK UPGRADING SECTOR PROJECT (SF),2020-06-30,The Road Network Upgrading Sector Project will upgrade priority sections of the national road network,10000000.0,2013-11-18,Laga,Implementation,Transport,
TL,FeatureCollection,Timor-Leste,124.03003991000011,-9.501227721999896,127.31324303500011,-8.135023695999834,8306,Point,126.59694,-8.47222,Feature,46260-002,356377.85,ROAD NETWORK UPGRADING SECTOR PROJECT (SF),2020-06-30,The Road Network Upgrading Sector Project will upgrade priority sections of the national road network,10000000.0,2013-11-18,Laga,Implementation,Transport,
TL,FeatureCollection,Timor-Leste,124.03003991000011,-9.501227721999896,127.31324303500011,-8.135023695999834,8307,Point,126.90389,-8.36514,Feature,46260-002,356377.85,ROAD NETWORK UPGRADING SECTOR PROJECT (SF),2020-06-30,The Road Network Upgrading Sector Project will upgrade priority sections of the national road network,10000000.0,2013-11-18,Lautem,Implementation,Transport,
TL,FeatureCollection,Timor-Leste,124.03003991000011,-9.501227721999896,127.31324303500011,-8.135023695999834,8308,Point,126.90438,-8.36423,Feature,46260-002,356377.85,ROAD NETWORK UPGRADING SECTOR PROJECT (SF),2020-06-30,The Road Network Upgrading Sector Project will upgrade priority sections of the national road network,10000000.0,2013-11-18,Lautem,Implementation,Transport,
TL,FeatureCollection,Timor-Leste,124.03003991000011,-9.501227721999896,127.31324303500011,-8.135023695999834,8309,Point,127.0025,-8.51861,Feature,46260-002,356377.85,ROAD NETWORK UPGRADING SECTOR PROJECT (SF),2020-06-30,The Road Network Upgrading Sector Project will upgrade priority sections of the national road network,10000000.0,2013-11-18,Lospalos,Implementation,Transport,
TL,FeatureCollection,Timor-Leste,124.03003991000011,-9.501227721999896,127.31324303500011,-8.135023695999834,8310,Point,126.9956,-8.51821,Feature,46260-002,356377.85,ROAD NETWORK UPGRADING SECTOR PROJECT (SF),2020-06-30,The Road Network Upgrading Sector Project will upgrade priority sections of the national road network,10000000.0,2013-11-18,Lospalos,Implementation,Transport,
TL,FeatureCollection,Timor-Leste,124.03003991000011,-9.501227721999896,127.31324303500011,-8.135023695999834,8311,Point,126.01306,-8.51139,Feature,46260-002,356377.85,ROAD NETWORK UPGRADING SECTOR PROJECT (SF),2020-06-30,The Road Network Upgrading Sector Project will upgrade priority sections of the national road network,10000000.0,2013-11-18,Manatuto,Implementation,Transport,
TL,FeatureCollection,Timor-Leste,124.03003991000011,-9.501227721999896,127.31324303500011,-8.135023695999834,8312,Point,126.01516,-8.52207,Feature,46260-002,356377.85,ROAD NETWORK UPGRADING SECTOR PROJECT (SF),2020-06-30,The Road Network Upgrading Sector Project will upgrade priority sections of the national road network,10000000.0,2013-11-18,Manatuto,Implementation,Transport,
TL,FeatureCollection,Timor-Leste,124.03003991000011,-9.501227721999896,127.31324303500011,-8.135023695999834,8313,Point,126.36361,-8.85778,Feature,46260-002,356377.85,ROAD NETWORK UPGRADING SECTOR PROJECT (SF),2020-06-30,The Road Network Upgrading Sector Project will upgrade priority sections of the national road network,10000000.0,2013-11-18,Manehat,Implementation,Transport,
TL,FeatureCollection,Timor-Leste,124.03003991000011,-9.501227721999896,127.31324303500011,-8.135023695999834,8314,Point,126.38324,-8.73477,Feature,46260-002,356377.85,ROAD NETWORK UPGRADING SECTOR PROJECT (SF),2020-06-30,The Road Network Upgrading Sector Project will upgrade priority sections of the national road network,10000000.0,2013-11-18,Ossu,Implementation,Transport,
TL,FeatureCollection,Timor-Leste,124.03003991000011,-9.501227721999896,127.31324303500011,-8.135023695999834,8315,Point,126.37306,-8.73778,Feature,46260-002,356377.85,ROAD NETWORK UPGRADING SECTOR PROJECT (SF),2020-06-30,The Road Network Upgrading Sector Project will upgrade priority sections of the national road network,10000000.0,2013-11-18,Ossu,Implementation,Transport,
TL,FeatureCollection,Timor-Leste,124.03003991000011,-9.501227721999896,127.31324303500011,-8.135023695999834,8316,Point,126.01111,-8.51,Feature,46260-002,356377.85,ROAD NETWORK UPGRADING SECTOR PROJECT (SF),2020-06-30,The Road Network Upgrading Sector Project will upgrade priority sections of the national road network,10000000.0,2013-11-18,Sau,Implementation,Transport,
TL,FeatureCollection,Timor-Leste,124.03003991000011,-9.501227721999896,127.31324303500011,-8.135023695999834,8317,Point,125.94,-8.86,Feature,46260-002,356377.85,ROAD NETWORK UPGRADING SECTOR PROJECT (SF),2020-06-30,The Road Network Upgrading Sector Project will upgrade priority sections of the national road network,10000000.0,2013-11-18,Soibada,Implementation,Transport,
TL,FeatureCollection,Timor-Leste,124.03003991000011,-9.501227721999896,127.31324303500011,-8.135023695999834,8318,Point,125.93694,-8.86056,Feature,46260-002,356377.85,ROAD NETWORK UPGRADING SECTOR PROJECT (SF),2020-06-30,The Road Network Upgrading Sector Project will upgrade priority sections of the national road network,10000000.0,2013-11-18,Soibada,Implementation,Transport,
TL,FeatureCollection,Timor-Leste,124.03003991000011,-9.501227721999896,127.31324303500011,-8.135023695999834,8319,Point,126.37861,-8.58238,Feature,46260-002,356377.85,ROAD NETWORK UPGRADING SECTOR PROJECT (SF),2020-06-30,The Road Network Upgrading Sector Project will upgrade priority sections of the national road network,10000000.0,2013-11-18,Venilale,Implementation,Transport,
TL,FeatureCollection,Timor-Leste,124.03003991000011,-9.501227721999896,127.31324303500011,-8.135023695999834,8320,Point,126.38111,-8.5825,Feature,46260-002,356377.85,ROAD NETWORK UPGRADING SECTOR PROJECT (SF),2020-06-30,The Road Network Upgrading Sector Project will upgrade priority sections of the national road network,10000000.0,2013-11-18,Venilale,Implementation,Transport,
TL,FeatureCollection,Timor-Leste,124.03003991000011,-9.501227721999896,127.31324303500011,-8.135023695999834,8321,Point,126.36472,-8.8575,Feature,46260-002,356377.85,ROAD NETWORK UPGRADING SECTOR PROJECT (SF),2020-06-30,The Road Network Upgrading Sector Project will upgrade priority sections of the national road network,10000000.0,2013-11-18,Viqueque,Implementation,Transport,
TL,FeatureCollection,Timor-Leste,124.03003991000011,-9.501227721999896,127.31324303500011,-8.135023695999834,8322,Point,126.36972,-8.85908,Feature,46260-002,356377.85,ROAD NETWORK UPGRADING SECTOR PROJECT (SF),2020-06-30,The Road Network Upgrading Sector Project will upgrade priority sections of the national road network,10000000.0,2013-11-18,Viqueque,Implementation,Transport,
